{"Gauge":{"Alloc":2316456,"BuckHashSys":9996,"Frees":3769,"GCCPUFraction":0.00008489417494207827,"GCSys":2342944,"HeapAlloc":2316456,"HeapIdle":4849664,"HeapInuse":3276800,"HeapObjects":1316,"HeapReleased":3096576,"HeapSys":8126464,"LastGC":1727614019779825000,"Lookups":0,"MCacheInuse":14016,"MCacheSys":16352,"MSpanInuse":75360,"MSpanSys":81600,"Mallocs":5085,"NextGC":4194304,"NumForcedGC":0,"NumGC":9,"OtherSys":1665588,"PauseTotalNs":536100,"RandomValue":0.8770361132398239,"StackInuse":229376,"StackSys":229376,"Sys":12472320,"TotalAlloc":26488496},"Counter":{"PollCount":2}}