{"Gauge":{"Alloc":3250728,"BuckHashSys":9840,"Frees":28957,"GCCPUFraction":0.00017857284978948606,"GCSys":2371592,"HeapAlloc":3250728,"HeapIdle":3776512,"HeapInuse":4104192,"HeapObjects":2106,"HeapReleased":2646016,"HeapSys":7880704,"LastGC":1725379613888542700,"Lookups":0,"MCacheInuse":9344,"MCacheSys":16352,"MSpanInuse":128000,"MSpanSys":146880,"Mallocs":31063,"NextGC":4194304,"NumForcedGC":0,"NumGC":89,"OtherSys":1850344,"PauseTotalNs":5158100,"RandomValue":0.17296743321417712,"StackInuse":458752,"StackSys":458752,"Sys":12734464,"TotalAlloc":209210536},"Counter":{"PollCount":9}}